Year,Rank,Player_Name,Player_ID,AB,H,AVG
1997,1,Manny Ramirez,ramirma02,561,184,0.32798574
1998,1,Manny Ramirez,ramirma02,571,168,0.29422067
1999,1,Manny Ramirez,ramirma02,522,174,0.33333333
2001,1,Manny Ramirez,ramirma02,529,162,0.30623819
2003,1,Manny Ramirez,ramirma02,569,185,0.32513181
2004,1,Manny Ramirez,ramirma02,568,175,0.30809859
2005,1,Manny Ramirez,ramirma02,554,162,0.29241877
